source,target,relationship
Abigail Adams,Isaac Jr. Smith,Letter_To
Abigail Adams,Mrs. Wheelwrights Letter,Letter_Reference
Abigail Adams,Smith,Letter_Reference
Isaac Jr. Smith,Mrs. Wheelwrights Letter,Letter_Reference
Isaac Jr. Smith,Smith,Letter_Reference
Abigail Adams,John Adams,Letter_To
Abigail Adams,John Adams,Letter_To
Abigail Adams,Cotton Tufts,Letter_To
Abigail Adams,Mr. Eyers,Letter_Reference
Abigail Adams,Ayers,Letter_Reference
Abigail Adams,Dr. Perkins,Letter_Reference
Abigail Adams,Smith,Letter_Reference
Cotton Tufts,Mr. Eyers,Letter_Reference
Cotton Tufts,Ayers,Letter_Reference
Cotton Tufts,Dr. Perkins,Letter_Reference
Cotton Tufts,Smith,Letter_Reference
Abigail Adams,John Adams,Letter_To
Abigail Adams,Dr. Perkins,Letter_Reference
Abigail Adams,Dr. Lord,Letter_Reference
John Adams,Dr. Perkins,Letter_Reference
John Adams,Dr. Lord,Letter_Reference
Abigail Adams,John Adams,Letter_To
Abigail Adams,Mr. Cranch,Letter_Reference
Abigail Adams,Mr. Cranch,Letter_Reference
John Adams,Mr. Cranch,Letter_Reference
John Adams,Mr. Cranch,Letter_Reference
Abigail Adams,Cotton Tufts,Letter_To
Abigail Adams,Mr. Ayers,Letter_Reference
Abigail Adams,Manners,Letter_Reference
Abigail Adams,Manners,Letter_Reference
Abigail Adams,Mr. Adams,Letter_Reference
Abigail Adams,Mr. Adams,Letter_Reference
Abigail Adams,Doctor Perkins,Letter_Reference
Abigail Adams,Mrs. Lefebure,Letter_Reference
Abigail Adams,Deacon Palmers Children,Letter_Reference
Abigail Adams,Mr. Ayers,Letter_Reference
Cotton Tufts,Mr. Ayers,Letter_Reference
Cotton Tufts,Manners,Letter_Reference
Cotton Tufts,Manners,Letter_Reference
Cotton Tufts,Mr. Adams,Letter_Reference
Cotton Tufts,Mr. Adams,Letter_Reference
Cotton Tufts,Doctor Perkins,Letter_Reference
Cotton Tufts,Mrs. Lefebure,Letter_Reference
Cotton Tufts,Deacon Palmers Children,Letter_Reference
Cotton Tufts,Mr. Ayers,Letter_Reference
Abigail Adams,John Adams,Letter_To
Abigail Adams,Betsy,Letter_Reference
Abigail Adams,Mr. Adams,Letter_Reference
John Adams,Betsy,Letter_Reference
John Adams,Mr. Adams,Letter_Reference
Abigail Adams,John Adams,Letter_To
Abigail Adams,Mr. Cranch,Letter_Reference
Abigail Adams,Mr. Ayres,Letter_Reference
Abigail Adams,Bell,Letter_Reference
Abigail Adams,Betsy,Letter_Reference
John Adams,Mr. Cranch,Letter_Reference
John Adams,Mr. Ayres,Letter_Reference
John Adams,Bell,Letter_Reference
John Adams,Betsy,Letter_Reference
Abigail Adams,John Adams,Letter_To
Abigail Adams,Lord,Letter_Reference
John Adams,Lord,Letter_Reference
Abigail Adams,John Adams,Letter_To
Abigail Adams,John Adams,Letter_To
Abigail Adams,Sir Charles,Letter_Reference
Abigail Adams,Mr. Ayers,Letter_Reference
John Adams,Sir Charles,Letter_Reference
John Adams,Mr. Ayers,Letter_Reference
Abigail Adams,John Adams,Letter_To
Abigail Adams,Were,Letter_Reference
Abigail Adams,Mr. Ayers,Letter_Reference
John Adams,Were,Letter_Reference
John Adams,Mr. Ayers,Letter_Reference
Abigail Adams,John Adams,Letter_To
Abigail Adams,Welcome,Letter_Reference
Abigail Adams,Welcome,Letter_Reference
John Adams,Welcome,Letter_Reference
John Adams,Welcome,Letter_Reference
Abigail Adams,John Adams,Letter_To
Abigail Adams,Judah,Letter_Reference
Abigail Adams,Taunton,Letter_Reference
John Adams,Judah,Letter_Reference
John Adams,Taunton,Letter_Reference
Abigail Adams,John Adams,Letter_To
Abigail Adams,Hannah Storer Green,Letter_To
Abigail Adams,Mary Smith Cranch,Letter_To
Abigail Adams,Courts,Letter_Reference
Abigail Adams,Betsy,Letter_Reference
Abigail Adams,Mr. Samll,Letter_Reference
Abigail Adams,Adams,Letter_Reference
Abigail Adams,Thomson,Letter_Reference
Abigail Adams,Mr. Cranch,Letter_Reference
Abigail Adams,Mr. Adams,Letter_Reference
Abigail Adams,Abigail Adams,Letter_Reference
Mary Smith Cranch,Courts,Letter_Reference
Mary Smith Cranch,Betsy,Letter_Reference
Mary Smith Cranch,Mr. Samll,Letter_Reference
Mary Smith Cranch,Adams,Letter_Reference
Mary Smith Cranch,Thomson,Letter_Reference
Mary Smith Cranch,Mr. Cranch,Letter_Reference
Mary Smith Cranch,Mr. Adams,Letter_Reference
Mary Smith Cranch,Abigail Adams,Letter_Reference
Abigail Adams,Mary Smith Cranch,Letter_To
Abigail Adams,Mr. Cranch,Letter_Reference
Abigail Adams,Betsy,Letter_Reference
Abigail Adams,Parson,Letter_Reference
Abigail Adams,Weld,Letter_Reference
Abigail Adams,Mrs. Eunice,Letter_Reference
Abigail Adams,Mr. Cranch,Letter_Reference
Abigail Adams,Abigail Adams,Letter_Reference
Mary Smith Cranch,Mr. Cranch,Letter_Reference
Mary Smith Cranch,Betsy,Letter_Reference
Mary Smith Cranch,Parson,Letter_Reference
Mary Smith Cranch,Weld,Letter_Reference
Mary Smith Cranch,Mrs. Eunice,Letter_Reference
Mary Smith Cranch,Mr. Cranch,Letter_Reference
Mary Smith Cranch,Abigail Adams,Letter_Reference
Abigail Adams,Mary Smith Cranch,Letter_To
Abigail Adams,Mr. Cranch,Letter_Reference
Abigail Adams,Mr. Cranch,Letter_Reference
Abigail Adams,Betsy,Letter_Reference
Abigail Adams,Mr. Cranch,Letter_Reference
Abigail Adams,Mr. Adams,Letter_Reference
Abigail Adams,Mrs. Fuller,Letter_Reference
Abigail Adams,Betsy,Letter_Reference
Mary Smith Cranch,Mr. Cranch,Letter_Reference
Mary Smith Cranch,Mr. Cranch,Letter_Reference
Mary Smith Cranch,Betsy,Letter_Reference
Mary Smith Cranch,Mr. Cranch,Letter_Reference
Mary Smith Cranch,Mr. Adams,Letter_Reference
Mary Smith Cranch,Mrs. Fuller,Letter_Reference
Mary Smith Cranch,Betsy,Letter_Reference
Abigail Adams,Mary Smith Cranch,Letter_To
John Adams,Mary Smith Cranch,Letter_To
Abigail Adams,Mr. Etter,Letter_Reference
Abigail Adams,Betsy,Letter_Reference
Abigail Adams,Betsy,Letter_Reference
Abigail Adams,Dawson,Letter_Reference
Abigail Adams,Mr. Etters Sons,Letter_Reference
Abigail Adams,Betsy,Letter_Reference
Abigail Adams,Mr. Cranch,Letter_Reference
Abigail Adams,Abigail Adams,Letter_Reference
Abigail Adams,Governor,Letter_Reference
Abigail Adams,Brother Cranch,Letter_Reference
John Adams,Mr. Etter,Letter_Reference
John Adams,Betsy,Letter_Reference
John Adams,Betsy,Letter_Reference
John Adams,Dawson,Letter_Reference
John Adams,Mr. Etters Sons,Letter_Reference
John Adams,Betsy,Letter_Reference
John Adams,Mr. Cranch,Letter_Reference
John Adams,Abigail Adams,Letter_Reference
John Adams,Governor,Letter_Reference
John Adams,Brother Cranch,Letter_Reference
Mary Smith Cranch,Mr. Etter,Letter_Reference
Mary Smith Cranch,Betsy,Letter_Reference
Mary Smith Cranch,Betsy,Letter_Reference
Mary Smith Cranch,Dawson,Letter_Reference
Mary Smith Cranch,Mr. Etters Sons,Letter_Reference
Mary Smith Cranch,Betsy,Letter_Reference
Mary Smith Cranch,Mr. Cranch,Letter_Reference
Mary Smith Cranch,Abigail Adams,Letter_Reference
Mary Smith Cranch,Governor,Letter_Reference
Mary Smith Cranch,Brother Cranch,Letter_Reference
Abigail Adams,Mary Smith Cranch,Letter_To
Abigail Adams,Polly,Letter_Reference
Abigail Adams,Elizabeth,Letter_Reference
Abigail Adams,Mr. Wibird,Letter_Reference
Abigail Adams,Sarah,Letter_Reference
Abigail Adams,Cotton,Letter_Reference
Abigail Adams,Dawson,Letter_Reference
Abigail Adams,Mr. Cranch,Letter_Reference
Abigail Adams,Mr. Cranch,Letter_Reference
Abigail Adams,Betsy,Letter_Reference
Abigail Adams,Miss Doll,Letter_Reference
Abigail Adams,Abigail Adams,Letter_Reference
Mary Smith Cranch,Polly,Letter_Reference
Mary Smith Cranch,Elizabeth,Letter_Reference
Mary Smith Cranch,Mr. Wibird,Letter_Reference
Mary Smith Cranch,Sarah,Letter_Reference
Mary Smith Cranch,Cotton,Letter_Reference
Mary Smith Cranch,Dawson,Letter_Reference
Mary Smith Cranch,Mr. Cranch,Letter_Reference
Mary Smith Cranch,Mr. Cranch,Letter_Reference
Mary Smith Cranch,Betsy,Letter_Reference
Mary Smith Cranch,Miss Doll,Letter_Reference
Mary Smith Cranch,Abigail Adams,Letter_Reference
Abigail Adams,John Adams,Letter_To
Abigail Adams,Brother Johnny,Letter_Reference
Abigail Adams,Poor,Letter_Reference
Abigail Adams,Mr. Gridly,Letter_Reference
John Adams,Brother Johnny,Letter_Reference
John Adams,Poor,Letter_Reference
John Adams,Mr. Gridly,Letter_Reference
Abigail Adams,Isaac Jr. Smith,Letter_To
John Adams,Isaac Jr. Smith,Letter_To
Abigail Adams,Early,Letter_Reference
Abigail Adams,Early,Letter_Reference
Abigail Adams,Gay,Letter_Reference
Abigail Adams,Edge,Letter_Reference
Abigail Adams,Abigail Adams,Letter_Reference
Abigail Adams,Mrs. Cranch,Letter_Reference
John Adams,Early,Letter_Reference
John Adams,Early,Letter_Reference
John Adams,Gay,Letter_Reference
John Adams,Edge,Letter_Reference
John Adams,Abigail Adams,Letter_Reference
John Adams,Mrs. Cranch,Letter_Reference
Isaac Jr. Smith,Early,Letter_Reference
Isaac Jr. Smith,Early,Letter_Reference
Isaac Jr. Smith,Gay,Letter_Reference
Isaac Jr. Smith,Edge,Letter_Reference
Isaac Jr. Smith,Abigail Adams,Letter_Reference
Isaac Jr. Smith,Mrs. Cranch,Letter_Reference
Abigail Adams,Isaac Jr. Smith,Letter_To
Abigail Adams,Manners,Letter_Reference
Abigail Adams,Lord,Letter_Reference
Abigail Adams,Mr. Whitefield,Letter_Reference
Abigail Adams,Dr. Sherbear,Letter_Reference
Abigail Adams,Mrs. Maccaulays,Letter_Reference
Abigail Adams,Mr. Sawbridge,Letter_Reference
Abigail Adams,Abigail Adams,Letter_Reference
Abigail Adams,West,Letter_Reference
Isaac Jr. Smith,Manners,Letter_Reference
Isaac Jr. Smith,Lord,Letter_Reference
Isaac Jr. Smith,Mr. Whitefield,Letter_Reference
Isaac Jr. Smith,Dr. Sherbear,Letter_Reference
Isaac Jr. Smith,Mrs. Maccaulays,Letter_Reference
Isaac Jr. Smith,Mr. Sawbridge,Letter_Reference
Isaac Jr. Smith,Abigail Adams,Letter_Reference
Isaac Jr. Smith,West,Letter_Reference
Abigail Adams,Mercy Otis Warren,Letter_To
Abigail Adams,Bird,Letter_Reference
Abigail Adams,Mrs. Seymore,Letter_Reference
Abigail Adams,Parent,Letter_Reference
Abigail Adams,Bias,Letter_Reference
Abigail Adams,Warren,Letter_Reference
Abigail Adams,Abigail Adams,Letter_Reference
Mercy Otis Warren,Bird,Letter_Reference
Mercy Otis Warren,Mrs. Seymore,Letter_Reference
Mercy Otis Warren,Parent,Letter_Reference
Mercy Otis Warren,Bias,Letter_Reference
Mercy Otis Warren,Warren,Letter_Reference
Mercy Otis Warren,Abigail Adams,Letter_Reference
Abigail Adams,Mercy Otis Warren,Letter_To
Abigail Adams,Mrs. Warren,Letter_Reference
Abigail Adams,Citizens,Letter_Reference
Abigail Adams,Cato,Letter_Reference
Mercy Otis Warren,Mrs. Warren,Letter_Reference
Mercy Otis Warren,Citizens,Letter_Reference
Mercy Otis Warren,Cato,Letter_Reference
Abigail Adams,John Adams,Letter_To
Abigail Adams,John,Letter_Reference
Abigail Adams,Mr. Pembertons,Letter_Reference
Abigail Adams,Mr. Cranchs,Letter_Reference
Abigail Adams,Grand,Letter_Reference
Abigail Adams,John,Letter_Reference
Abigail Adams,Abigail Adams,Letter_Reference
John Adams,John,Letter_Reference
John Adams,Mr. Pembertons,Letter_Reference
John Adams,Mr. Cranchs,Letter_Reference
John Adams,Grand,Letter_Reference
John Adams,John,Letter_Reference
John Adams,Abigail Adams,Letter_Reference
Abigail Adams,Mercy Otis Warren,Letter_To
Abigail Adams,Caesar,Letter_Reference
Abigail Adams,Hell,Letter_Reference
Abigail Adams,Alexander,Letter_Reference
Abigail Adams,Law,Letter_Reference
Abigail Adams,Mr. Adams,Letter_Reference
Abigail Adams,Abigail Adams,Letter_Reference
Mercy Otis Warren,Caesar,Letter_Reference
Mercy Otis Warren,Hell,Letter_Reference
Mercy Otis Warren,Alexander,Letter_Reference
Mercy Otis Warren,Law,Letter_Reference
Mercy Otis Warren,Mr. Adams,Letter_Reference
Mercy Otis Warren,Abigail Adams,Letter_Reference
Abigail Adams,John Adams,Letter_To
Abigail Adams,Morton,Letter_Reference
Abigail Adams,Mr. Rice,Letter_Reference
Abigail Adams,Mr. Thaxter,Letter_Reference
Abigail Adams,Crosby,Letter_Reference
Abigail Adams,Mr. Rice,Letter_Reference
Abigail Adams,John,Letter_Reference
Abigail Adams,Mr. Cunningham,Letter_Reference
Abigail Adams,Abigail Adams,Letter_Reference
John Adams,Morton,Letter_Reference
John Adams,Mr. Rice,Letter_Reference
John Adams,Mr. Thaxter,Letter_Reference
John Adams,Crosby,Letter_Reference
John Adams,Mr. Rice,Letter_Reference
John Adams,John,Letter_Reference
John Adams,Mr. Cunningham,Letter_Reference
John Adams,Abigail Adams,Letter_Reference
Abigail Adams,John Adams,Letter_To
Abigail Adams,Sands,Letter_Reference
Abigail Adams,Philip,Letter_Reference
Abigail Adams,Abigail Adams,Letter_Reference
John Adams,Sands,Letter_Reference
John Adams,Philip,Letter_Reference
John Adams,Abigail Adams,Letter_Reference
Abigail Adams,John Adams,Letter_To
Abigail Adams,Way,Letter_Reference
Abigail Adams,Mr. Adams,Letter_Reference
Abigail Adams,Gage,Letter_Reference
Abigail Adams,Brattle,Letter_Reference
Abigail Adams,Mr. Tudor,Letter_Reference
Abigail Adams,Mr. Vinton,Letter_Reference
Abigail Adams,Mr. Goldthwait,Letter_Reference
Abigail Adams,Price,Letter_Reference
Abigail Adams,Vinton,Letter_Reference
Abigail Adams,Constable,Letter_Reference
Abigail Adams,Connecticut,Letter_Reference
Abigail Adams,Stone,Letter_Reference
Abigail Adams,Abigail Adams,Letter_Reference
John Adams,Way,Letter_Reference
John Adams,Mr. Adams,Letter_Reference
John Adams,Gage,Letter_Reference
John Adams,Brattle,Letter_Reference
John Adams,Mr. Tudor,Letter_Reference
John Adams,Mr. Vinton,Letter_Reference
John Adams,Mr. Goldthwait,Letter_Reference
John Adams,Price,Letter_Reference
John Adams,Vinton,Letter_Reference
John Adams,Constable,Letter_Reference
John Adams,Connecticut,Letter_Reference
John Adams,Stone,Letter_Reference
John Adams,Abigail Adams,Letter_Reference
Abigail Adams,John Adams,Letter_To
Abigail Adams,Vinton,Letter_Reference
Abigail Adams,Vinton,Letter_Reference
Abigail Adams,Major Miller,Letter_Reference
John Adams,Vinton,Letter_Reference
John Adams,Vinton,Letter_Reference
John Adams,Major Miller,Letter_Reference
Abigail Adams,John Adams,Letter_To
Abigail Adams,Scot,Letter_Reference
Abigail Adams,Justice Quincy,Letter_Reference
Abigail Adams,Revere,Letter_Reference
Abigail Adams,Abigail Adams,Letter_Reference
John Adams,Scot,Letter_Reference
John Adams,Justice Quincy,Letter_Reference
John Adams,Revere,Letter_Reference
John Adams,Abigail Adams,Letter_Reference
Abigail Adams,William Tudor,Letter_To
Abigail Adams,Mr. Adams,Letter_Reference
Abigail Adams,Return,Letter_Reference
Abigail Adams,Abigail Adams,Letter_Reference
Abigail Adams,Dr. Warrens,Letter_Reference
William Tudor,Mr. Adams,Letter_Reference
William Tudor,Return,Letter_Reference
William Tudor,Abigail Adams,Letter_Reference
William Tudor,Dr. Warrens,Letter_Reference
Abigail Adams,John Adams,Letter_To
Abigail Adams,Manners,Letter_Reference
Abigail Adams,Mr. Williams,Letter_Reference
Abigail Adams,Mr. Hills,Letter_Reference
Abigail Adams,Mr. Cranch,Letter_Reference
Abigail Adams,Gage,Letter_Reference
Abigail Adams,Mr. Quincys,Letter_Reference
Abigail Adams,Holland,Letter_Reference
Abigail Adams,Mr. Thaxter,Letter_Reference
Abigail Adams,Rice,Letter_Reference
Abigail Adams,Quincy,Letter_Reference
Abigail Adams,Warren,Letter_Reference
Abigail Adams,Mrs. Warren,Letter_Reference
Abigail Adams,Betsy,Letter_Reference
Abigail Adams,Abigail Adams,Letter_Reference
John Adams,Manners,Letter_Reference
John Adams,Mr. Williams,Letter_Reference
John Adams,Mr. Hills,Letter_Reference
John Adams,Mr. Cranch,Letter_Reference
John Adams,Gage,Letter_Reference
John Adams,Mr. Quincys,Letter_Reference
John Adams,Holland,Letter_Reference
John Adams,Mr. Thaxter,Letter_Reference
John Adams,Rice,Letter_Reference
John Adams,Quincy,Letter_Reference
John Adams,Warren,Letter_Reference
John Adams,Mrs. Warren,Letter_Reference
John Adams,Betsy,Letter_Reference
John Adams,Abigail Adams,Letter_Reference
Abigail Adams,Mary Smith Cranch,Letter_To
Abigail Adams,Betsy,Letter_Reference
Mary Smith Cranch,Betsy,Letter_Reference
Abigail Adams,Catharine Sawbridge Macaulay,Letter_To
Abigail Adams,Mr. Adams,Letter_Reference
Abigail Adams,Mrs. Macaulay,Letter_Reference
Abigail Adams,Britton,Letter_Reference
Abigail Adams,Law,Letter_Reference
Abigail Adams,Mr. Pitt,Letter_Reference
Abigail Adams,Abigail Adams,Letter_Reference
Catharine Sawbridge Macaulay,Mr. Adams,Letter_Reference
Catharine Sawbridge Macaulay,Mrs. Macaulay,Letter_Reference
Catharine Sawbridge Macaulay,Britton,Letter_Reference
Catharine Sawbridge Macaulay,Law,Letter_Reference
Catharine Sawbridge Macaulay,Mr. Pitt,Letter_Reference
Catharine Sawbridge Macaulay,Abigail Adams,Letter_Reference
Abigail Adams,Mercy Otis Warren,Letter_To
Abigail Adams,Mrs. Warren,Letter_Reference
Abigail Adams,Mr. Adams,Letter_Reference
Abigail Adams,Jones,Letter_Reference
Abigail Adams,Justice Quincy,Letter_Reference
Abigail Adams,Mr. Adams,Letter_Reference
Abigail Adams,Justice Hill,Letter_Reference
Abigail Adams,Quincy,Letter_Reference
Abigail Adams,Pemberton,Letter_Reference
Abigail Adams,Col. Thair,Letter_Reference
Abigail Adams,Thayer,Letter_Reference
Abigail Adams,Deacon Palmer,Letter_Reference
Mercy Otis Warren,Mrs. Warren,Letter_Reference
Mercy Otis Warren,Mr. Adams,Letter_Reference
Mercy Otis Warren,Jones,Letter_Reference
Mercy Otis Warren,Justice Quincy,Letter_Reference
Mercy Otis Warren,Mr. Adams,Letter_Reference
Mercy Otis Warren,Justice Hill,Letter_Reference
Mercy Otis Warren,Quincy,Letter_Reference
Mercy Otis Warren,Pemberton,Letter_Reference
Mercy Otis Warren,Col. Thair,Letter_Reference
Mercy Otis Warren,Thayer,Letter_Reference
Mercy Otis Warren,Deacon Palmer,Letter_Reference
Abigail Adams,Mercy Otis Warren,Letter_To
Abigail Adams,Mrs. Warren,Letter_Reference
Abigail Adams,Law,Letter_Reference
Abigail Adams,Lord,Letter_Reference
Abigail Adams,Mercy,Letter_Reference
Abigail Adams,Lord,Letter_Reference
Abigail Adams,Mr. Adams,Letter_Reference
Abigail Adams,Farmer,Letter_Reference
Abigail Adams,Lord North,Letter_Reference
Abigail Adams,Spear,Letter_Reference
Abigail Adams,Abigail Adams,Letter_Reference
Mercy Otis Warren,Mrs. Warren,Letter_Reference
Mercy Otis Warren,Law,Letter_Reference
Mercy Otis Warren,Lord,Letter_Reference
Mercy Otis Warren,Mercy,Letter_Reference
Mercy Otis Warren,Lord,Letter_Reference
Mercy Otis Warren,Mr. Adams,Letter_Reference
Mercy Otis Warren,Farmer,Letter_Reference
Mercy Otis Warren,Lord North,Letter_Reference
Mercy Otis Warren,Spear,Letter_Reference
Mercy Otis Warren,Abigail Adams,Letter_Reference
Abigail Adams,Mercy Otis Warren,Letter_To
Abigail Adams,Mrs. Warren,Letter_Reference
Abigail Adams,Mrs. Warren,Letter_Reference
Abigail Adams,Taunton,Letter_Reference
Abigail Adams,Abigail Adams,Letter_Reference
Mercy Otis Warren,Mrs. Warren,Letter_Reference
Mercy Otis Warren,Mrs. Warren,Letter_Reference
Mercy Otis Warren,Taunton,Letter_Reference
Mercy Otis Warren,Abigail Adams,Letter_Reference
Abigail Adams,John Adams,Letter_To
Abigail Adams,Mr. Thaxter,Letter_Reference
Abigail Adams,Mr. Rice,Letter_Reference
Abigail Adams,Courts,Letter_Reference
Abigail Adams,Mr. Thaxter,Letter_Reference
Abigail Adams,Law,Letter_Reference
Abigail Adams,Mr. Rice,Letter_Reference
Abigail Adams,Deacon Philips,Letter_Reference
Abigail Adams,Bowers,Letter_Reference
Abigail Adams,Mr. Quincys Death,Letter_Reference
Abigail Adams,Poor,Letter_Reference
John Adams,Mr. Thaxter,Letter_Reference
John Adams,Mr. Rice,Letter_Reference
John Adams,Courts,Letter_Reference
John Adams,Mr. Thaxter,Letter_Reference
John Adams,Law,Letter_Reference
John Adams,Mr. Rice,Letter_Reference
John Adams,Deacon Philips,Letter_Reference
John Adams,Bowers,Letter_Reference
John Adams,Mr. Quincys Death,Letter_Reference
John Adams,Poor,Letter_Reference
Abigail Adams,John Adams,Letter_To
Abigail Adams,Lord,Letter_Reference
Abigail Adams,Israel,Letter_Reference
Abigail Adams,Poor,Letter_Reference
Abigail Adams,Ayers,Letter_Reference
Abigail Adams,Mr. Cushings Son,Letter_Reference
Abigail Adams,Mr. Cushing,Letter_Reference
Abigail Adams,Mr. Bromfield,Letter_Reference
Abigail Adams,Dr. Jarvis,Letter_Reference
John Adams,Lord,Letter_Reference
John Adams,Israel,Letter_Reference
John Adams,Poor,Letter_Reference
John Adams,Ayers,Letter_Reference
John Adams,Mr. Cushings Son,Letter_Reference
John Adams,Mr. Cushing,Letter_Reference
John Adams,Mr. Bromfield,Letter_Reference
John Adams,Dr. Jarvis,Letter_Reference
Abigail Adams,Joseph Warren,Letter_To
Abigail Adams,Palmer,Letter_Reference
Abigail Adams,Abigail Adams,Letter_Reference
Joseph Warren,Palmer,Letter_Reference
Joseph Warren,Abigail Adams,Letter_Reference
Abigail Adams,Edward Dilly,Letter_To
Abigail Adams,Mr. Adams,Letter_Reference
Abigail Adams,Gage,Letter_Reference
Abigail Adams,Mr. Adams,Letter_Reference
Abigail Adams,Paul,Letter_Reference
Abigail Adams,Captain Gordon,Letter_Reference
Abigail Adams,Street,Letter_Reference
Abigail Adams,Green,Letter_Reference
Abigail Adams,Mr. Robinson,Letter_Reference
Abigail Adams,Your Friend,Letter_Reference
Edward Dilly,Mr. Adams,Letter_Reference
Edward Dilly,Gage,Letter_Reference
Edward Dilly,Mr. Adams,Letter_Reference
Edward Dilly,Paul,Letter_Reference
Edward Dilly,Captain Gordon,Letter_Reference
Edward Dilly,Street,Letter_Reference
Edward Dilly,Green,Letter_Reference
Edward Dilly,Mr. Robinson,Letter_Reference
Edward Dilly,Your Friend,Letter_Reference
Abigail Adams,John Adams,Letter_To
Abigail Adams,Bell,Letter_Reference
Abigail Adams,Mr. Welds,Letter_Reference
Abigail Adams,Way,Letter_Reference
Abigail Adams,Hay,Letter_Reference
Abigail Adams,Hay,Letter_Reference
Abigail Adams,Doctor Franklin,Letter_Reference
Abigail Adams,Gage,Letter_Reference
Abigail Adams,Gage,Letter_Reference
Abigail Adams,Isaac,Letter_Reference
Abigail Adams,Mr. Rice,Letter_Reference
Abigail Adams,Mr. Dilly,Letter_Reference
Abigail Adams,Mr. Thaxter,Letter_Reference
Abigail Adams,Isaac,Letter_Reference
Abigail Adams,Betsy,Letter_Reference
John Adams,Bell,Letter_Reference
John Adams,Mr. Welds,Letter_Reference
John Adams,Way,Letter_Reference
John Adams,Hay,Letter_Reference
John Adams,Hay,Letter_Reference
John Adams,Doctor Franklin,Letter_Reference
John Adams,Gage,Letter_Reference
John Adams,Gage,Letter_Reference
John Adams,Isaac,Letter_Reference
John Adams,Mr. Rice,Letter_Reference
John Adams,Mr. Dilly,Letter_Reference
John Adams,Mr. Thaxter,Letter_Reference
John Adams,Isaac,Letter_Reference
John Adams,Betsy,Letter_Reference
Abigail Adams,Eunice Paine,Letter_To
Abigail Adams,Slaughter,Letter_Reference
Abigail Adams,Gage,Letter_Reference
Abigail Adams,Mrs. Cranch,Letter_Reference
Eunice Paine,Slaughter,Letter_Reference
Eunice Paine,Gage,Letter_Reference
Eunice Paine,Mrs. Cranch,Letter_Reference
Abigail Adams,John Adams,Letter_To
Abigail Adams,Cambridge,Letter_Reference
Abigail Adams,Gage,Letter_Reference
Abigail Adams,Bowdoin,Letter_Reference
Abigail Adams,Mrs. Borland,Letter_Reference
Abigail Adams,Judge Oliver,Letter_Reference
Abigail Adams,Hutchinson,Letter_Reference
Abigail Adams,Rice,Letter_Reference
Abigail Adams,Mr. Hancock,Letter_Reference
Abigail Adams,Mr. Miflin,Letter_Reference
Abigail Adams,Mr. Bass,Letter_Reference
Abigail Adams,Mr. Welch,Letter_Reference
John Adams,Cambridge,Letter_Reference
John Adams,Gage,Letter_Reference
John Adams,Bowdoin,Letter_Reference
John Adams,Mrs. Borland,Letter_Reference
John Adams,Judge Oliver,Letter_Reference
John Adams,Hutchinson,Letter_Reference
John Adams,Rice,Letter_Reference
John Adams,Mr. Hancock,Letter_Reference
John Adams,Mr. Miflin,Letter_Reference
John Adams,Mr. Bass,Letter_Reference
John Adams,Mr. Welch,Letter_Reference
Abigail Adams,James Bowdoin,Letter_To
Abigail Adams,Mr. Adams,Letter_Reference
Abigail Adams,Massachusetts,Letter_Reference
Abigail Adams,Field,Letter_Reference
Abigail Adams,Mr. Dickinson,Letter_Reference
Abigail Adams,Mr. Reed,Letter_Reference
Abigail Adams,Mr. Mifflin,Letter_Reference
Abigail Adams,Major,Letter_Reference
Abigail Adams,Mr. Hall,Letter_Reference
Abigail Adams,Brother. Gentlemen,Letter_Reference
Abigail Adams,Fortune,Letter_Reference
Abigail Adams,Miles,Letter_Reference
Abigail Adams,Camp,Letter_Reference
Abigail Adams,Mrs. Bowdoin,Letter_Reference
Abigail Adams,Abigail Adams,Letter_Reference
James Bowdoin,Mr. Adams,Letter_Reference
James Bowdoin,Massachusetts,Letter_Reference
James Bowdoin,Field,Letter_Reference
James Bowdoin,Mr. Dickinson,Letter_Reference
James Bowdoin,Mr. Reed,Letter_Reference
James Bowdoin,Mr. Mifflin,Letter_Reference
James Bowdoin,Major,Letter_Reference
James Bowdoin,Mr. Hall,Letter_Reference
James Bowdoin,Brother. Gentlemen,Letter_Reference
James Bowdoin,Fortune,Letter_Reference
James Bowdoin,Miles,Letter_Reference
James Bowdoin,Camp,Letter_Reference
James Bowdoin,Mrs. Bowdoin,Letter_Reference
James Bowdoin,Abigail Adams,Letter_Reference
Abigail Adams,John Adams,Letter_To
Abigail Adams,Dr. Warren,Letter_Reference
Abigail Adams,Israel,Letter_Reference
John Adams,Dr. Warren,Letter_Reference
John Adams,Israel,Letter_Reference
Abigail Adams,John Adams,Letter_To
Abigail Adams,Putnam,Letter_Reference
Abigail Adams,Turner,Letter_Reference
Abigail Adams,Capt. Vinton,Letter_Reference
Abigail Adams,Quincy,Letter_Reference
Abigail Adams,Deacon Holebrooks,Letter_Reference
Abigail Adams,Mr. Cranch,Letter_Reference
Abigail Adams,Major Basses,Letter_Reference
John Adams,Putnam,Letter_Reference
John Adams,Turner,Letter_Reference
John Adams,Capt. Vinton,Letter_Reference
John Adams,Quincy,Letter_Reference
John Adams,Deacon Holebrooks,Letter_Reference
John Adams,Mr. Cranch,Letter_Reference
John Adams,Major Basses,Letter_Reference
Abigail Adams,John Adams,Letter_To
Abigail Adams,Welch,Letter_Reference
Abigail Adams,Nehemiah,Letter_Reference
Abigail Adams,Lord,Letter_Reference
Abigail Adams,Mr. Taft,Letter_Reference
Abigail Adams,Lord,Letter_Reference
Abigail Adams,Cooper,Letter_Reference
Abigail Adams,Elliot,Letter_Reference
Abigail Adams,Mr. Rice,Letter_Reference
Abigail Adams,Cambridge,Letter_Reference
Abigail Adams,Mr. Boylstone,Letter_Reference
Abigail Adams,Mr. Gill,Letter_Reference
Abigail Adams,Brother Swift,Letter_Reference
Abigail Adams,Mr. Mather,Letter_Reference
Abigail Adams,Mr. Carys,Letter_Reference
Abigail Adams,Medford,Letter_Reference
Abigail Adams,Mr. Bowdoin,Letter_Reference
Abigail Adams,Cranch,Letter_Reference
Abigail Adams,Quincy,Letter_Reference
Abigail Adams,Parson,Letter_Reference
Abigail Adams,Bass,Letter_Reference
John Adams,Welch,Letter_Reference
John Adams,Nehemiah,Letter_Reference
John Adams,Lord,Letter_Reference
John Adams,Mr. Taft,Letter_Reference
John Adams,Lord,Letter_Reference
John Adams,Cooper,Letter_Reference
John Adams,Elliot,Letter_Reference
John Adams,Mr. Rice,Letter_Reference
John Adams,Cambridge,Letter_Reference
John Adams,Mr. Boylstone,Letter_Reference
John Adams,Mr. Gill,Letter_Reference
John Adams,Brother Swift,Letter_Reference
John Adams,Mr. Mather,Letter_Reference
John Adams,Mr. Carys,Letter_Reference
John Adams,Medford,Letter_Reference
John Adams,Mr. Bowdoin,Letter_Reference
John Adams,Cranch,Letter_Reference
John Adams,Quincy,Letter_Reference
John Adams,Parson,Letter_Reference
John Adams,Bass,Letter_Reference
Abigail Adams,John Adams,Letter_To
Abigail Adams,Fish,Letter_Reference
Abigail Adams,Master Lovel,Letter_Reference
Abigail Adams,Mr. Edes,Letter_Reference
Abigail Adams,Mr. Wendle,Letter_Reference
Abigail Adams,Wendell,Letter_Reference
Abigail Adams,Hunt,Letter_Reference
Abigail Adams,Warren,Letter_Reference
Abigail Adams,Col. Warren,Letter_Reference
Abigail Adams,Mrs. Warren,Letter_Reference
Abigail Adams,Dr. Franklin,Letter_Reference
Abigail Adams,Bass,Letter_Reference
Abigail Adams,Hardwick,Letter_Reference
Abigail Adams,Mr. Bass,Letter_Reference
Abigail Adams,Quincy,Letter_Reference
Abigail Adams,Col. Palmer,Letter_Reference
John Adams,Fish,Letter_Reference
John Adams,Master Lovel,Letter_Reference
John Adams,Mr. Edes,Letter_Reference
John Adams,Mr. Wendle,Letter_Reference
John Adams,Wendell,Letter_Reference
John Adams,Hunt,Letter_Reference
John Adams,Warren,Letter_Reference
John Adams,Col. Warren,Letter_Reference
John Adams,Mrs. Warren,Letter_Reference
John Adams,Dr. Franklin,Letter_Reference
John Adams,Bass,Letter_Reference
John Adams,Hardwick,Letter_Reference
John Adams,Mr. Bass,Letter_Reference
John Adams,Quincy,Letter_Reference
John Adams,Col. Palmer,Letter_Reference
Abigail Adams,John Adams,Letter_To
Abigail Adams,Trott,Letter_Reference
Abigail Adams,Mr. Church,Letter_Reference
Abigail Adams,Mr. Trott,Letter_Reference
Abigail Adams,Mr. Trott,Letter_Reference
Abigail Adams,Mrs. Trots,Letter_Reference
Abigail Adams,Mr. Hayden,Letter_Reference
Abigail Adams,Mr. Trot,Letter_Reference
Abigail Adams,Mr. Trott,Letter_Reference
Abigail Adams,Hayden,Letter_Reference
Abigail Adams,Mr. Hayden,Letter_Reference
Abigail Adams,Mr. Trot,Letter_Reference
Abigail Adams,Hayden,Letter_Reference
Abigail Adams,Mr. Trott,Letter_Reference
Abigail Adams,Adams,Letter_Reference
Abigail Adams,Mr. Trot,Letter_Reference
Abigail Adams,Mr. Trott,Letter_Reference
Abigail Adams,Belcher,Letter_Reference
Abigail Adams,Mr. Savils,Letter_Reference
Abigail Adams,Jonathan,Letter_Reference
Abigail Adams,Mr. Trott,Letter_Reference
Abigail Adams,Abigail Adams,Letter_Reference
John Adams,Trott,Letter_Reference
John Adams,Mr. Church,Letter_Reference
John Adams,Mr. Trott,Letter_Reference
John Adams,Mr. Trott,Letter_Reference
John Adams,Mrs. Trots,Letter_Reference
John Adams,Mr. Hayden,Letter_Reference
John Adams,Mr. Trot,Letter_Reference
John Adams,Mr. Trott,Letter_Reference
John Adams,Hayden,Letter_Reference
John Adams,Mr. Hayden,Letter_Reference
John Adams,Mr. Trot,Letter_Reference
John Adams,Hayden,Letter_Reference
John Adams,Mr. Trott,Letter_Reference
John Adams,Adams,Letter_Reference
John Adams,Mr. Trot,Letter_Reference
John Adams,Mr. Trott,Letter_Reference
John Adams,Belcher,Letter_Reference
John Adams,Mr. Savils,Letter_Reference
John Adams,Jonathan,Letter_Reference
John Adams,Mr. Trott,Letter_Reference
John Adams,Abigail Adams,Letter_Reference
Abigail Adams,John Adams,Letter_To
Abigail Adams,Mr. Collins,Letter_Reference
Abigail Adams,English,Letter_Reference
Abigail Adams,Gentle,Letter_Reference
Abigail Adams,Mr. Collins,Letter_Reference
Abigail Adams,Col. Palmer,Letter_Reference
Abigail Adams,Warren,Letter_Reference
Abigail Adams,Lee,Letter_Reference
Abigail Adams,Major Miflin,Letter_Reference
Abigail Adams,Mr. Thaxter,Letter_Reference
Abigail Adams,Cambridge,Letter_Reference
Abigail Adams,Mr. Read,Letter_Reference
Abigail Adams,Reed,Letter_Reference
Abigail Adams,Mrs. Warren,Letter_Reference
Abigail Adams,Mark,Letter_Reference
Abigail Adams,Dr. Tufts,Letter_Reference
Abigail Adams,Col. Quincy,Letter_Reference
Abigail Adams,Mr. Tudor,Letter_Reference
Abigail Adams,Mr. Thaxter,Letter_Reference
Abigail Adams,Mr. Rolestone,Letter_Reference
Abigail Adams,Goldsmith,Letter_Reference
Abigail Adams,Street,Letter_Reference
Abigail Adams,Law,Letter_Reference
Abigail Adams,Street,Letter_Reference
Abigail Adams,Gage,Letter_Reference
Abigail Adams,Doctor Eliot,Letter_Reference
Abigail Adams,Mr. Lovel,Letter_Reference
Abigail Adams,Leach,Letter_Reference
Abigail Adams,Long,Letter_Reference
Abigail Adams,Capt. Tupper,Letter_Reference
Abigail Adams,Hay,Letter_Reference
Abigail Adams,Capt. Wild,Letter_Reference
Abigail Adams,Capt. Gold,Letter_Reference
Abigail Adams,Gould,Letter_Reference
Abigail Adams,Hay,Letter_Reference
Abigail Adams,Hay,Letter_Reference
Abigail Adams,Col. Palmer,Letter_Reference
Abigail Adams,Newcomb,Letter_Reference
Abigail Adams,Thayer,Letter_Reference
Abigail Adams,Cambridge,Letter_Reference
Abigail Adams,Camp,Letter_Reference
Abigail Adams,Thomas,Letter_Reference
Abigail Adams,West,Letter_Reference
Abigail Adams,Bass,Letter_Reference
Abigail Adams,Bass,Letter_Reference
Abigail Adams,West,Letter_Reference
Abigail Adams,Mr. Trot,Letter_Reference
Abigail Adams,English,Letter_Reference
Abigail Adams,Branch,Letter_Reference
Abigail Adams,Mercy,Letter_Reference
Abigail Adams,Mr. Rice,Letter_Reference
Abigail Adams,Mr. Cranch,Letter_Reference
Abigail Adams,Mrs. Wilkings Beer,Letter_Reference
Abigail Adams,Dr. Warren,Letter_Reference
John Adams,Mr. Collins,Letter_Reference
John Adams,English,Letter_Reference
John Adams,Gentle,Letter_Reference
John Adams,Mr. Collins,Letter_Reference
John Adams,Col. Palmer,Letter_Reference
John Adams,Warren,Letter_Reference
John Adams,Lee,Letter_Reference
John Adams,Major Miflin,Letter_Reference
John Adams,Mr. Thaxter,Letter_Reference
John Adams,Cambridge,Letter_Reference
John Adams,Mr. Read,Letter_Reference
John Adams,Reed,Letter_Reference
John Adams,Mrs. Warren,Letter_Reference
John Adams,Mark,Letter_Reference
John Adams,Dr. Tufts,Letter_Reference
John Adams,Col. Quincy,Letter_Reference
John Adams,Mr. Tudor,Letter_Reference
John Adams,Mr. Thaxter,Letter_Reference
John Adams,Mr. Rolestone,Letter_Reference
John Adams,Goldsmith,Letter_Reference
John Adams,Street,Letter_Reference
John Adams,Law,Letter_Reference
John Adams,Street,Letter_Reference
John Adams,Gage,Letter_Reference
John Adams,Doctor Eliot,Letter_Reference
John Adams,Mr. Lovel,Letter_Reference
John Adams,Leach,Letter_Reference
John Adams,Long,Letter_Reference
John Adams,Capt. Tupper,Letter_Reference
John Adams,Hay,Letter_Reference
John Adams,Capt. Wild,Letter_Reference
John Adams,Capt. Gold,Letter_Reference
John Adams,Gould,Letter_Reference
John Adams,Hay,Letter_Reference
John Adams,Hay,Letter_Reference
John Adams,Col. Palmer,Letter_Reference
John Adams,Newcomb,Letter_Reference
John Adams,Thayer,Letter_Reference
John Adams,Cambridge,Letter_Reference
John Adams,Camp,Letter_Reference
John Adams,Thomas,Letter_Reference
John Adams,West,Letter_Reference
John Adams,Bass,Letter_Reference
John Adams,Bass,Letter_Reference
John Adams,West,Letter_Reference
John Adams,Mr. Trot,Letter_Reference
John Adams,English,Letter_Reference
John Adams,Branch,Letter_Reference
John Adams,Mercy,Letter_Reference
John Adams,Mr. Rice,Letter_Reference
John Adams,Mr. Cranch,Letter_Reference
John Adams,Mrs. Wilkings Beer,Letter_Reference
John Adams,Dr. Warren,Letter_Reference
Abigail Adams,Mercy Otis Warren,Letter_To
Abigail Adams,Mrs. Warren,Letter_Reference
Abigail Adams,Adams,Letter_Reference
Mercy Otis Warren,Mrs. Warren,Letter_Reference
Mercy Otis Warren,Adams,Letter_Reference
Abigail Adams,John Adams,Letter_To
Abigail Adams,Gage,Letter_Reference
Abigail Adams,Capt. Vinton,Letter_Reference
Abigail Adams,Gage,Letter_Reference
Abigail Adams,Dr. Tufts,Letter_Reference
Abigail Adams,Deacon Newall,Letter_Reference
Abigail Adams,John,Letter_Reference
Abigail Adams,Cotton,Letter_Reference
Abigail Adams,Mr. Samll,Letter_Reference
Abigail Adams,Burgoyne,Letter_Reference
Abigail Adams,Mr. Josiah Quincy,Letter_Reference
Abigail Adams,Mr. Samll,Letter_Reference
Abigail Adams,Adams,Letter_Reference
Abigail Adams,Burgoyne,Letter_Reference
Abigail Adams,Hutchinson,Letter_Reference
Abigail Adams,Bedford,Letter_Reference
Abigail Adams,Lord,Letter_Reference
Abigail Adams,Clinton,Letter_Reference
Abigail Adams,Were,Letter_Reference
Abigail Adams,Swain,Letter_Reference
Abigail Adams,King,Letter_Reference
Abigail Adams,Luke,Letter_Reference
Abigail Adams,Gage,Letter_Reference
Abigail Adams,Mrs. Cranch,Letter_Reference
Abigail Adams,Mr. Haven,Letter_Reference
Abigail Adams,Thomas,Letter_Reference
Abigail Adams,Heath,Letter_Reference
Abigail Adams,Thomas,Letter_Reference
Abigail Adams,Mr. Thomas,Letter_Reference
Abigail Adams,Heath,Letter_Reference
Abigail Adams,Camp,Letter_Reference
Abigail Adams,Mr. Barrel,Letter_Reference
Abigail Adams,Cranch,Letter_Reference
John Adams,Gage,Letter_Reference
John Adams,Capt. Vinton,Letter_Reference
John Adams,Gage,Letter_Reference
John Adams,Dr. Tufts,Letter_Reference
John Adams,Deacon Newall,Letter_Reference
John Adams,John,Letter_Reference
John Adams,Cotton,Letter_Reference
John Adams,Mr. Samll,Letter_Reference
John Adams,Burgoyne,Letter_Reference
John Adams,Mr. Josiah Quincy,Letter_Reference
John Adams,Mr. Samll,Letter_Reference
John Adams,Adams,Letter_Reference
John Adams,Burgoyne,Letter_Reference
John Adams,Hutchinson,Letter_Reference
John Adams,Bedford,Letter_Reference
John Adams,Lord,Letter_Reference
John Adams,Clinton,Letter_Reference
John Adams,Were,Letter_Reference
John Adams,Swain,Letter_Reference
John Adams,King,Letter_Reference
John Adams,Luke,Letter_Reference
John Adams,Gage,Letter_Reference
John Adams,Mrs. Cranch,Letter_Reference
John Adams,Mr. Haven,Letter_Reference
John Adams,Thomas,Letter_Reference
John Adams,Heath,Letter_Reference
John Adams,Thomas,Letter_Reference
John Adams,Mr. Thomas,Letter_Reference
John Adams,Heath,Letter_Reference
John Adams,Camp,Letter_Reference
John Adams,Mr. Barrel,Letter_Reference
John Adams,Cranch,Letter_Reference
Abigail Adams,John Adams,Letter_To
Abigail Adams,Warren,Letter_Reference
Abigail Adams,Gage,Letter_Reference
Abigail Adams,Mason,Letter_Reference
Abigail Adams,Mason,Letter_Reference
John Adams,Warren,Letter_Reference
John Adams,Gage,Letter_Reference
John Adams,Mason,Letter_Reference
John Adams,Mason,Letter_Reference
Abigail Adams,John Adams,Letter_To
Abigail Adams,Brother Elihu,Letter_Reference
Abigail Adams,Mr. Elisha Niles,Letter_Reference
John Adams,Brother Elihu,Letter_Reference
John Adams,Mr. Elisha Niles,Letter_Reference
Abigail Adams,Mercy Otis Warren,Letter_To
Abigail Adams,Mrs. Warren,Letter_Reference
Abigail Adams,Gage,Letter_Reference
Abigail Adams,Mr. Adams,Letter_Reference
Mercy Otis Warren,Mrs. Warren,Letter_Reference
Mercy Otis Warren,Gage,Letter_Reference
Mercy Otis Warren,Mr. Adams,Letter_Reference
Abigail Adams,John Adams,Letter_To
Abigail Adams,Isaac,Letter_Reference
Abigail Adams,Mrs. Randle,Letter_Reference
Abigail Adams,Randall,Letter_Reference
Abigail Adams,Mrs. Belcher,Letter_Reference
Abigail Adams,Joseph,Letter_Reference
Abigail Adams,Deacon Adams,Letter_Reference
Abigail Adams,Mr. Wibird,Letter_Reference
Abigail Adams,Major Miller,Letter_Reference
Abigail Adams,Gay,Letter_Reference
John Adams,Isaac,Letter_Reference
John Adams,Mrs. Randle,Letter_Reference
John Adams,Randall,Letter_Reference
John Adams,Mrs. Belcher,Letter_Reference
John Adams,Joseph,Letter_Reference
John Adams,Deacon Adams,Letter_Reference
John Adams,Mr. Wibird,Letter_Reference
John Adams,Major Miller,Letter_Reference
John Adams,Gay,Letter_Reference
Abigail Adams,John Adams,Letter_To
Abigail Adams,John,Letter_Reference
Abigail Adams,Jonathan,Letter_Reference
Abigail Adams,Mrs. Bracket,Letter_Reference
Abigail Adams,Mr. Thomas Thayer,Letter_Reference
Abigail Adams,Dr. Tufts,Letter_Reference
Abigail Adams,Mr. Thaxter,Letter_Reference
Abigail Adams,Mr. Mason,Letter_Reference
Abigail Adams,Mr. Tudor,Letter_Reference
Abigail Adams,Mr. Wibird,Letter_Reference
Abigail Adams,Col. Chandler,Letter_Reference
Abigail Adams,Mr. Winslow,Letter_Reference
Abigail Adams,King,Letter_Reference
Abigail Adams,Richard,Letter_Reference
Abigail Adams,Patience,Letter_Reference
John Adams,John,Letter_Reference
John Adams,Jonathan,Letter_Reference
John Adams,Mrs. Bracket,Letter_Reference
John Adams,Mr. Thomas Thayer,Letter_Reference
John Adams,Dr. Tufts,Letter_Reference
John Adams,Mr. Thaxter,Letter_Reference
John Adams,Mr. Mason,Letter_Reference
John Adams,Mr. Tudor,Letter_Reference
John Adams,Mr. Wibird,Letter_Reference
John Adams,Col. Chandler,Letter_Reference
John Adams,Mr. Winslow,Letter_Reference
John Adams,King,Letter_Reference
John Adams,Richard,Letter_Reference
John Adams,Patience,Letter_Reference
Abigail Adams,John Adams,Letter_To
Abigail Adams,Elihu,Letter_Reference
Abigail Adams,Adams,Letter_Reference
John Adams,Elihu,Letter_Reference
John Adams,Adams,Letter_Reference
Abigail Adams,John Adams,Letter_To
Abigail Adams,John Adams,Letter_To
Abigail Adams,Lord,Letter_Reference
John Adams,Lord,Letter_Reference
Abigail Adams,John Adams,Letter_To
Abigail Adams,Lord,Letter_Reference
Abigail Adams,Simpson,Letter_Reference
Abigail Adams,Milton,Letter_Reference
Abigail Adams,Job,Letter_Reference
Abigail Adams,Gage,Letter_Reference
John Adams,Lord,Letter_Reference
John Adams,Simpson,Letter_Reference
John Adams,Milton,Letter_Reference
John Adams,Job,Letter_Reference
John Adams,Gage,Letter_Reference
Abigail Adams,Mercy Otis Warren,Letter_To
Abigail Adams,Mrs. Miflin,Letter_Reference
Abigail Adams,Mrs. Wintrope,Letter_Reference
Mercy Otis Warren,Mrs. Miflin,Letter_Reference
Mercy Otis Warren,Mrs. Wintrope,Letter_Reference
Abigail Adams,John Adams,Letter_To
Abigail Adams,Mr. Thaxter,Letter_Reference
Abigail Adams,Mr. Mason,Letter_Reference
Abigail Adams,Hayden,Letter_Reference
Abigail Adams,Field,Letter_Reference
Abigail Adams,Hay,Letter_Reference
Abigail Adams,Richard,Letter_Reference
Abigail Adams,Dr. Church,Letter_Reference
Abigail Adams,Betsy,Letter_Reference
Abigail Adams,Betsy,Letter_Reference
Abigail Adams,Mrs. Hancoke,Letter_Reference
Abigail Adams,Mrs. Warren,Letter_Reference
Abigail Adams,Way,Letter_Reference
Abigail Adams,Mr. Wibird,Letter_Reference
Abigail Adams,Dr. Tufts,Letter_Reference
Abigail Adams,Mr. Bayard,Letter_Reference
John Adams,Mr. Thaxter,Letter_Reference
John Adams,Mr. Mason,Letter_Reference
John Adams,Hayden,Letter_Reference
John Adams,Field,Letter_Reference
John Adams,Hay,Letter_Reference
John Adams,Richard,Letter_Reference
John Adams,Dr. Church,Letter_Reference
John Adams,Betsy,Letter_Reference
John Adams,Betsy,Letter_Reference
John Adams,Mrs. Hancoke,Letter_Reference
John Adams,Mrs. Warren,Letter_Reference
John Adams,Way,Letter_Reference
John Adams,Mr. Wibird,Letter_Reference
John Adams,Dr. Tufts,Letter_Reference
John Adams,Mr. Bayard,Letter_Reference
Abigail Adams,John Adams,Letter_To
Abigail Adams,Mr. Lorthorp,Letter_Reference
Abigail Adams,Betsy,Letter_Reference
Abigail Adams,Cranch,Letter_Reference
Abigail Adams,Mr. Lorthrope,Letter_Reference
Abigail Adams,John,Letter_Reference
Abigail Adams,James,Letter_Reference
Abigail Adams,Mr. Cranchs,Letter_Reference
Abigail Adams,Crosby,Letter_Reference
Abigail Adams,Isaac,Letter_Reference
John Adams,Mr. Lorthorp,Letter_Reference
John Adams,Betsy,Letter_Reference
John Adams,Cranch,Letter_Reference
John Adams,Mr. Lorthrope,Letter_Reference
John Adams,John,Letter_Reference
John Adams,James,Letter_Reference
John Adams,Mr. Cranchs,Letter_Reference
John Adams,Crosby,Letter_Reference
John Adams,Isaac,Letter_Reference
Abigail Adams,John Adams,Letter_To
Abigail Adams,Cranch,Letter_Reference
Abigail Adams,Betsy,Letter_Reference
Abigail Adams,Dr. Franklin,Letter_Reference
Abigail Adams,Mr. Bodwin,Letter_Reference
Abigail Adams,Bowdoin,Letter_Reference
Abigail Adams,Dr. Cooper,Letter_Reference
Abigail Adams,Dr. Franklin,Letter_Reference
Abigail Adams,Poor,Letter_Reference
Abigail Adams,Poor,Letter_Reference
Abigail Adams,Mr. Hardwick,Letter_Reference
Abigail Adams,Mr. Bass,Letter_Reference
Abigail Adams,Mr. Read,Letter_Reference
John Adams,Cranch,Letter_Reference
John Adams,Betsy,Letter_Reference
John Adams,Dr. Franklin,Letter_Reference
John Adams,Mr. Bodwin,Letter_Reference
John Adams,Bowdoin,Letter_Reference
John Adams,Dr. Cooper,Letter_Reference
John Adams,Dr. Franklin,Letter_Reference
John Adams,Poor,Letter_Reference
John Adams,Poor,Letter_Reference
John Adams,Mr. Hardwick,Letter_Reference
John Adams,Mr. Bass,Letter_Reference
John Adams,Mr. Read,Letter_Reference
Abigail Adams,John Adams,Letter_To
Abigail Adams,Mr. Linch,Letter_Reference
Abigail Adams,Lynch,Letter_Reference
Abigail Adams,Dr. Frankling,Letter_Reference
Abigail Adams,Dr. Zublys,Letter_Reference
Abigail Adams,Master John,Letter_Reference
Abigail Adams,Betsy,Letter_Reference
Abigail Adams,Cranch,Letter_Reference
Abigail Adams,Mrs. Cranch,Letter_Reference
John Adams,Mr. Linch,Letter_Reference
John Adams,Lynch,Letter_Reference
John Adams,Dr. Frankling,Letter_Reference
John Adams,Dr. Zublys,Letter_Reference
John Adams,Master John,Letter_Reference
John Adams,Betsy,Letter_Reference
John Adams,Cranch,Letter_Reference
John Adams,Mrs. Cranch,Letter_Reference
Abigail Adams,Mercy Otis Warren,Letter_To
Abigail Adams,Continental,Letter_Reference
Abigail Adams,Dr. Pray,Letter_Reference
Abigail Adams,Dr. Winthrope,Letter_Reference
Abigail Adams,Mr. Randolphs,Letter_Reference
Abigail Adams,Bacon,Letter_Reference
Mercy Otis Warren,Continental,Letter_Reference
Mercy Otis Warren,Dr. Pray,Letter_Reference
Mercy Otis Warren,Dr. Winthrope,Letter_Reference
Mercy Otis Warren,Mr. Randolphs,Letter_Reference
Mercy Otis Warren,Bacon,Letter_Reference
Abigail Adams,John Adams,Letter_To
Abigail Adams,Shore,Letter_Reference
Abigail Adams,Major Mifflin,Letter_Reference
Abigail Adams,Dr. Frankling,Letter_Reference
John Adams,Shore,Letter_Reference
John Adams,Major Mifflin,Letter_Reference
John Adams,Dr. Frankling,Letter_Reference
Abigail Adams,John Adams,Letter_To
Abigail Adams,Camp,Letter_Reference
Abigail Adams,Col. Warren,Letter_Reference
Abigail Adams,Mr. Mason,Letter_Reference
Abigail Adams,Thaxter,Letter_Reference
Abigail Adams,Mr. Mason,Letter_Reference
John Adams,Camp,Letter_Reference
John Adams,Col. Warren,Letter_Reference
John Adams,Mr. Mason,Letter_Reference
John Adams,Thaxter,Letter_Reference
John Adams,Mr. Mason,Letter_Reference
Abigail Adams,John Adams,Letter_To
Abigail Adams,Mrs. Morgan,Letter_Reference
Abigail Adams,Mrs. Morgan,Letter_Reference
Abigail Adams,Major Miflins,Letter_Reference
Abigail Adams,Mrs. Mifflin,Letter_Reference
Abigail Adams,Major,Letter_Reference
Abigail Adams,Mrs. Smith,Letter_Reference
Abigail Adams,Capt. Sears,Letter_Reference
Abigail Adams,Gates,Letter_Reference
Abigail Adams,Lee,Letter_Reference
Abigail Adams,Dr. McHenery,Letter_Reference
Abigail Adams,Mr. Elvin,Letter_Reference
Abigail Adams,Lee,Letter_Reference
Abigail Adams,Hall,Letter_Reference
Abigail Adams,Mr. Sparder,Letter_Reference
Abigail Adams,Major Mifflin,Letter_Reference
Abigail Adams,Grand,Letter_Reference
Abigail Adams,West,Letter_Reference
Abigail Adams,West,Letter_Reference
Abigail Adams,Cotton,Letter_Reference
Abigail Adams,English,Letter_Reference
Abigail Adams,West,Letter_Reference
Abigail Adams,Hay,Letter_Reference
Abigail Adams,Dr. Tufts,Letter_Reference
Abigail Adams,Bass,Letter_Reference
Abigail Adams,Dr. Zublys,Letter_Reference
Abigail Adams,Quincy,Letter_Reference
John Adams,Mrs. Morgan,Letter_Reference
John Adams,Mrs. Morgan,Letter_Reference
John Adams,Major Miflins,Letter_Reference
John Adams,Mrs. Mifflin,Letter_Reference
John Adams,Major,Letter_Reference
John Adams,Mrs. Smith,Letter_Reference
John Adams,Capt. Sears,Letter_Reference
John Adams,Gates,Letter_Reference
John Adams,Lee,Letter_Reference
John Adams,Dr. McHenery,Letter_Reference
John Adams,Mr. Elvin,Letter_Reference
John Adams,Lee,Letter_Reference
John Adams,Hall,Letter_Reference
John Adams,Mr. Sparder,Letter_Reference
John Adams,Major Mifflin,Letter_Reference
John Adams,Grand,Letter_Reference
John Adams,West,Letter_Reference
John Adams,West,Letter_Reference
John Adams,Cotton,Letter_Reference
John Adams,English,Letter_Reference
John Adams,West,Letter_Reference
John Adams,Hay,Letter_Reference
John Adams,Dr. Tufts,Letter_Reference
John Adams,Bass,Letter_Reference
John Adams,Dr. Zublys,Letter_Reference
John Adams,Quincy,Letter_Reference
Abigail Adams,John Adams,Letter_To
Abigail Adams,Mack,Letter_Reference
John Adams,Mack,Letter_Reference
Abigail Adams,John Adams,Letter_To
Abigail Adams,John Adams,Letter_To
Abigail Adams,Lord Reigneth,Letter_Reference
Abigail Adams,Caesar,Letter_Reference
John Adams,Lord Reigneth,Letter_Reference
John Adams,Caesar,Letter_Reference
Abigail Adams,John Adams,Letter_To
Abigail Adams,Virginia,Letter_Reference
Abigail Adams,Mr. Crane,Letter_Reference
Abigail Adams,Cranch,Letter_Reference
John Adams,Virginia,Letter_Reference
John Adams,Mr. Crane,Letter_Reference
John Adams,Cranch,Letter_Reference
Abigail Adams,John Adams,Letter_To
Abigail Adams,Warren,Letter_Reference
Abigail Adams,Bunker,Letter_Reference
John Adams,Warren,Letter_Reference
John Adams,Bunker,Letter_Reference
Abigail Adams,Mercy Otis Warren,Letter_To
Abigail Adams,Governor Ward,Letter_Reference
Abigail Adams,Mrs. Washington,Letter_Reference
Mercy Otis Warren,Governor Ward,Letter_Reference
Mercy Otis Warren,Mrs. Washington,Letter_Reference
Abigail Adams,John Adams,Letter_To
Abigail Adams,Major Tuper,Letter_Reference
Abigail Adams,Dr. Gardiner,Letter_Reference
Abigail Adams,Sterling,Letter_Reference
Abigail Adams,Dr. Loyd,Letter_Reference
Abigail Adams,Dr. Whitworth,Letter_Reference
Abigail Adams,Mr. Goldwait,Letter_Reference
Abigail Adams,Mr. Lovel,Letter_Reference
Abigail Adams,Black,Letter_Reference
Abigail Adams,Jackson,Letter_Reference
Abigail Adams,Baker,Letter_Reference
Abigail Adams,Mr. Gerry,Letter_Reference
Abigail Adams,Cato,Letter_Reference
Abigail Adams,Lord Sterling,Letter_Reference
Abigail Adams,Newbury,Letter_Reference
John Adams,Major Tuper,Letter_Reference
John Adams,Dr. Gardiner,Letter_Reference
John Adams,Sterling,Letter_Reference
John Adams,Dr. Loyd,Letter_Reference
John Adams,Dr. Whitworth,Letter_Reference
John Adams,Mr. Goldwait,Letter_Reference
John Adams,Mr. Lovel,Letter_Reference
John Adams,Black,Letter_Reference
John Adams,Jackson,Letter_Reference
John Adams,Baker,Letter_Reference
John Adams,Mr. Gerry,Letter_Reference
John Adams,Cato,Letter_Reference
John Adams,Lord Sterling,Letter_Reference
John Adams,Newbury,Letter_Reference
Abigail Adams,John Adams,Letter_To
Abigail Adams,Mr. Church,Letter_Reference
Abigail Adams,Mr. Church,Letter_Reference
Abigail Adams,Sessions,Letter_Reference
Abigail Adams,Admiral Hopkins,Letter_Reference
John Adams,Mr. Church,Letter_Reference
John Adams,Mr. Church,Letter_Reference
John Adams,Sessions,Letter_Reference
John Adams,Admiral Hopkins,Letter_Reference
Abigail Adams,John Adams,Letter_To
Abigail Adams,Mr. Church,Letter_Reference
Abigail Adams,Mr. Foster,Letter_Reference
Abigail Adams,Sullivan,Letter_Reference
Abigail Adams,Thomson,Letter_Reference
Abigail Adams,Muse,Letter_Reference
Abigail Adams,Muse,Letter_Reference
Abigail Adams,Mark,Letter_Reference
Abigail Adams,Cato,Letter_Reference
Abigail Adams,Swain,Letter_Reference
Abigail Adams,Admiral Hopkings,Letter_Reference
Abigail Adams,Newport,Letter_Reference
Abigail Adams,Cambridge,Letter_Reference
Abigail Adams,Mrs. Winthrope,Letter_Reference
Abigail Adams,Mrs. Warren,Letter_Reference
John Adams,Mr. Church,Letter_Reference
John Adams,Mr. Foster,Letter_Reference
John Adams,Sullivan,Letter_Reference
John Adams,Thomson,Letter_Reference
John Adams,Muse,Letter_Reference
John Adams,Muse,Letter_Reference
John Adams,Mark,Letter_Reference
John Adams,Cato,Letter_Reference
John Adams,Swain,Letter_Reference
John Adams,Admiral Hopkings,Letter_Reference
John Adams,Newport,Letter_Reference
John Adams,Cambridge,Letter_Reference
John Adams,Mrs. Winthrope,Letter_Reference
John Adams,Mrs. Warren,Letter_Reference
Abigail Adams,Mercy Otis Warren,Letter_To
Abigail Adams,Law,Letter_Reference
Abigail Adams,List,Letter_Reference
Abigail Adams,Masters,Letter_Reference
Mercy Otis Warren,Law,Letter_Reference
Mercy Otis Warren,List,Letter_Reference
Mercy Otis Warren,Masters,Letter_Reference
Abigail Adams,John Adams,Letter_To
Abigail Adams,Masters,Letter_Reference
John Adams,Masters,Letter_Reference
Abigail Adams,Mercy Otis Warren,Letter_To
Abigail Adams,Mr. Morton,Letter_Reference
Abigail Adams,Courts,Letter_Reference
Abigail Adams,Law,Letter_Reference
Mercy Otis Warren,Mr. Morton,Letter_Reference
Mercy Otis Warren,Courts,Letter_Reference
Mercy Otis Warren,Law,Letter_Reference
Abigail Adams,John Adams,Letter_To
Abigail Adams,Pope,Letter_Reference
Abigail Adams,Judge Cushing,Letter_Reference
Abigail Adams,Mr. Gorden,Letter_Reference
Abigail Adams,Mr. Skilman,Letter_Reference
Abigail Adams,Mr. Lothtrope,Letter_Reference
John Adams,Pope,Letter_Reference
John Adams,Judge Cushing,Letter_Reference
John Adams,Mr. Gorden,Letter_Reference
John Adams,Mr. Skilman,Letter_Reference
John Adams,Mr. Lothtrope,Letter_Reference
Abigail Adams,John Adams,Letter_To
Abigail Adams,Col. Quincy,Letter_Reference
Abigail Adams,Thayer,Letter_Reference
Abigail Adams,Isaac,Letter_Reference
Abigail Adams,Isaac,Letter_Reference
Abigail Adams,Mr. Belcher,Letter_Reference
Abigail Adams,Daniel,Letter_Reference
Abigail Adams,Nightingale,Letter_Reference
Abigail Adams,Isaac,Letter_Reference
Abigail Adams,Bass,Letter_Reference
Abigail Adams,Mr. Thaxter,Letter_Reference
Abigail Adams,Hay,Letter_Reference
Abigail Adams,Isaac,Letter_Reference
Abigail Adams,Mr. Hunt,Letter_Reference
Abigail Adams,Mr. Hunt,Letter_Reference
John Adams,Col. Quincy,Letter_Reference
John Adams,Thayer,Letter_Reference
John Adams,Isaac,Letter_Reference
John Adams,Isaac,Letter_Reference
John Adams,Mr. Belcher,Letter_Reference
John Adams,Daniel,Letter_Reference
John Adams,Nightingale,Letter_Reference
John Adams,Isaac,Letter_Reference
John Adams,Bass,Letter_Reference
John Adams,Mr. Thaxter,Letter_Reference
John Adams,Hay,Letter_Reference
John Adams,Isaac,Letter_Reference
John Adams,Mr. Hunt,Letter_Reference
John Adams,Mr. Hunt,Letter_Reference
Abigail Adams,John Adams,Letter_To
Abigail Adams,Low,Letter_Reference
Abigail Adams,Sully,Letter_Reference
Abigail Adams,Sully,Letter_Reference
John Adams,Low,Letter_Reference
John Adams,Sully,Letter_Reference
John Adams,Sully,Letter_Reference
Abigail Adams,Mercy Otis Warren,Letter_To
Abigail Adams,John Adams,Letter_To
Abigail Adams,Mr. Church,Letter_Reference
Abigail Adams,Branch,Letter_Reference
Abigail Adams,List,Letter_Reference
Abigail Adams,Farmer,Letter_Reference
Abigail Adams,Farmer,Letter_Reference
Abigail Adams,Green,Letter_Reference
Abigail Adams,Were,Letter_Reference
John Adams,Mr. Church,Letter_Reference
John Adams,Branch,Letter_Reference
John Adams,List,Letter_Reference
John Adams,Farmer,Letter_Reference
John Adams,Farmer,Letter_Reference
John Adams,Green,Letter_Reference
John Adams,Were,Letter_Reference
Abigail Adams,John Adams,Letter_To
Abigail Adams,Were,Letter_Reference
Abigail Adams,Betsy,Letter_Reference
Abigail Adams,Long,Letter_Reference
Abigail Adams,Brig Defence,Letter_Reference
Abigail Adams,Connecticut,Letter_Reference
Abigail Adams,Dr. Lorthropes,Letter_Reference
Abigail Adams,Crew,Letter_Reference
Abigail Adams,Captain,Letter_Reference
Abigail Adams,Ann,Letter_Reference
Abigail Adams,German,Letter_Reference
Abigail Adams,Connecticut,Letter_Reference
Abigail Adams,Thomas,Letter_Reference
Abigail Adams,Dr. Bulfinch,Letter_Reference
Abigail Adams,Brig Defence,Letter_Reference
Abigail Adams,Capt. Burk,Letter_Reference
Abigail Adams,Brig. The Defence,Letter_Reference
Abigail Adams,Burk,Letter_Reference
Abigail Adams,Major,Letter_Reference
Abigail Adams,Hiland,Letter_Reference
Abigail Adams,Hope,Letter_Reference
Abigail Adams,Field,Letter_Reference
John Adams,Were,Letter_Reference
John Adams,Betsy,Letter_Reference
John Adams,Long,Letter_Reference
John Adams,Brig Defence,Letter_Reference
John Adams,Connecticut,Letter_Reference
John Adams,Dr. Lorthropes,Letter_Reference
John Adams,Crew,Letter_Reference
John Adams,Captain,Letter_Reference
John Adams,Ann,Letter_Reference
John Adams,German,Letter_Reference
John Adams,Connecticut,Letter_Reference
John Adams,Thomas,Letter_Reference
John Adams,Dr. Bulfinch,Letter_Reference
John Adams,Brig Defence,Letter_Reference
John Adams,Capt. Burk,Letter_Reference
John Adams,Brig. The Defence,Letter_Reference
John Adams,Burk,Letter_Reference
John Adams,Major,Letter_Reference
John Adams,Hiland,Letter_Reference
John Adams,Hope,Letter_Reference
John Adams,Field,Letter_Reference
Abigail Adams,John Thaxter,Letter_To
Abigail Adams,Mr. Cranch,Letter_Reference
Abigail Adams,Betsy,Letter_Reference
Abigail Adams,Dr. Bulfinch,Letter_Reference
Abigail Adams,Miss Grissys Letters,Letter_Reference
Abigail Adams,Abigail Adams,Letter_Reference
John Thaxter,Mr. Cranch,Letter_Reference
John Thaxter,Betsy,Letter_Reference
John Thaxter,Dr. Bulfinch,Letter_Reference
John Thaxter,Miss Grissys Letters,Letter_Reference
John Thaxter,Abigail Adams,Letter_Reference
Abigail Adams,John Adams,Letter_To
Abigail Adams,Mr. Cranch,Letter_Reference
Abigail Adams,Betsy,Letter_Reference
Abigail Adams,Cotton Tufts,Letter_Reference
Abigail Adams,Mr. Thaxter,Letter_Reference
Abigail Adams,Hay,Letter_Reference
Abigail Adams,Dr. Bulfinch,Letter_Reference
Abigail Adams,Mrs. Quincy,Letter_Reference
Abigail Adams,Mrs. Lincoln,Letter_Reference
Abigail Adams,Miss Betsy,Letter_Reference
Abigail Adams,Nancy,Letter_Reference
Abigail Adams,Grant,Letter_Reference
Abigail Adams,Harry,Letter_Reference
Abigail Adams,Lord Hows,Letter_Reference
Abigail Adams,Lord Hows,Letter_Reference
John Adams,Mr. Cranch,Letter_Reference
John Adams,Betsy,Letter_Reference
John Adams,Cotton Tufts,Letter_Reference
John Adams,Mr. Thaxter,Letter_Reference
John Adams,Hay,Letter_Reference
John Adams,Dr. Bulfinch,Letter_Reference
John Adams,Mrs. Quincy,Letter_Reference
John Adams,Mrs. Lincoln,Letter_Reference
John Adams,Miss Betsy,Letter_Reference
John Adams,Nancy,Letter_Reference
John Adams,Grant,Letter_Reference
John Adams,Harry,Letter_Reference
John Adams,Lord Hows,Letter_Reference
John Adams,Lord Hows,Letter_Reference
Abigail Adams,John Adams,Letter_To
Abigail Adams,Mr. Cranch,Letter_Reference
Abigail Adams,Mrs. Cranch,Letter_Reference
Abigail Adams,Way,Letter_Reference
Abigail Adams,Street,Letter_Reference
Abigail Adams,Field,Letter_Reference
Abigail Adams,Col. Crafts,Letter_Reference
Abigail Adams,Mr. Bowdoin,Letter_Reference
Abigail Adams,Street,Letter_Reference
John Adams,Mr. Cranch,Letter_Reference
John Adams,Mrs. Cranch,Letter_Reference
John Adams,Way,Letter_Reference
John Adams,Street,Letter_Reference
John Adams,Field,Letter_Reference
John Adams,Col. Crafts,Letter_Reference
John Adams,Mr. Bowdoin,Letter_Reference
John Adams,Street,Letter_Reference
Abigail Adams,John Adams,Letter_To
Abigail Adams,Mr. Hancock,Letter_Reference
Abigail Adams,Mr. Gerry,Letter_Reference
John Adams,Mr. Hancock,Letter_Reference
John Adams,Mr. Gerry,Letter_Reference
Abigail Adams,John Adams,Letter_To
Abigail Adams,Charles,Letter_Reference
Abigail Adams,Mrs. Cranch,Letter_Reference
Abigail Adams,Cotton Tufts,Letter_Reference
Abigail Adams,Mrs. Lincoln,Letter_Reference
Abigail Adams,Lucy Cranch,Letter_Reference
Abigail Adams,Billy,Letter_Reference
Abigail Adams,Peck,Letter_Reference
Abigail Adams,Dr. Bulfinches,Letter_Reference
Abigail Adams,Lay,Letter_Reference
Abigail Adams,Mr. Joseph Edwards,Letter_Reference
Abigail Adams,Mr. Shaw,Letter_Reference
Abigail Adams,Dr. Sawyer,Letter_Reference
Abigail Adams,Newbury,Letter_Reference
Abigail Adams,Robinson,Letter_Reference
Abigail Adams,Lee,Letter_Reference
Abigail Adams,Davis,Letter_Reference
Abigail Adams,Judge Cushing,Letter_Reference
Abigail Adams,Col. Warren,Letter_Reference
Abigail Adams,Mrs. Warren,Letter_Reference
Abigail Adams,Betsy,Letter_Reference
Abigail Adams,Cranch,Letter_Reference
John Adams,Charles,Letter_Reference
John Adams,Mrs. Cranch,Letter_Reference
John Adams,Cotton Tufts,Letter_Reference
John Adams,Mrs. Lincoln,Letter_Reference
John Adams,Lucy Cranch,Letter_Reference
John Adams,Billy,Letter_Reference
John Adams,Peck,Letter_Reference
John Adams,Dr. Bulfinches,Letter_Reference
John Adams,Lay,Letter_Reference
John Adams,Mr. Joseph Edwards,Letter_Reference
John Adams,Mr. Shaw,Letter_Reference
John Adams,Dr. Sawyer,Letter_Reference
John Adams,Newbury,Letter_Reference
John Adams,Robinson,Letter_Reference
John Adams,Lee,Letter_Reference
John Adams,Davis,Letter_Reference
John Adams,Judge Cushing,Letter_Reference
John Adams,Col. Warren,Letter_Reference
John Adams,Mrs. Warren,Letter_Reference
John Adams,Betsy,Letter_Reference
John Adams,Cranch,Letter_Reference
Abigail Adams,John Adams,Letter_To
Abigail Adams,Capt. Cuznow,Letter_Reference
Abigail Adams,Charles,Letter_Reference
Abigail Adams,Charles,Letter_Reference
Abigail Adams,Peck,Letter_Reference
Abigail Adams,Mrs. Cranch,Letter_Reference
Abigail Adams,Mrs. Warren,Letter_Reference
Abigail Adams,Mr. Hancock,Letter_Reference
Abigail Adams,Garden,Letter_Reference
Abigail Adams,Mrs. Newall,Letter_Reference
John Adams,Capt. Cuznow,Letter_Reference
John Adams,Charles,Letter_Reference
John Adams,Charles,Letter_Reference
John Adams,Peck,Letter_Reference
John Adams,Mrs. Cranch,Letter_Reference
John Adams,Mrs. Warren,Letter_Reference
John Adams,Mr. Hancock,Letter_Reference
John Adams,Garden,Letter_Reference
John Adams,Mrs. Newall,Letter_Reference
Abigail Adams,John Adams,Letter_To
Abigail Adams,Capt. Cazneau,Letter_Reference
Abigail Adams,Charles,Letter_Reference
Abigail Adams,Mr. Gerry,Letter_Reference
Abigail Adams,Dr. Rush,Letter_Reference
Abigail Adams,Dr. Rushs,Letter_Reference
Abigail Adams,Mason,Letter_Reference
John Adams,Capt. Cazneau,Letter_Reference
John Adams,Charles,Letter_Reference
John Adams,Mr. Gerry,Letter_Reference
John Adams,Dr. Rush,Letter_Reference
John Adams,Dr. Rushs,Letter_Reference
John Adams,Mason,Letter_Reference
